{
  "project_info": {
    "project_number": "685744779257",
    "firebase_url": "https://tiendakotlin-8a470.firebaseio.com",
    "project_id": "tiendakotlin-8a470",
    "storage_bucket": "tiendakotlin-8a470.appspot.com"
  },
  "client": [
    {
      "client_info": {
        "mobilesdk_app_id": "1:685744779257:android:00adf732210119c1aa1728",
        "android_client_info": {
          "package_name": "com.example.myapplication"
        }
      },
      "oauth_client": [
        {
          "client_id": "685744779257-093pqkqsg3o8h8ovimp3p5a5abiubn2k.apps.googleusercontent.com",
          "client_type": 3
        }
      ],
      "api_key": [
        {
          "current_key": "AIzaSyDWEcPNrviz5IkSMXpssWt78e-Jq5hqe44"
        }
      ],
      "services": {
        "appinvite_service": {
          "other_platform_oauth_client": [
            {
              "client_id": "685744779257-093pqkqsg3o8h8ovimp3p5a5abiubn2k.apps.googleusercontent.com",
              "client_type": 3
            }
          ]
        }
      }
    }
  ],
  "configuration_version": "1"
}